name,freereturns,itemssold,status,price,shipping
"Apple iPhone XR 256GB|128GB|64GB| GSM/ CDMA Factroy Unlocked- ""Excellent""",False,0,Excellent - Refurbished,33988,
Apple iPhone 11 (PRODUCT)RED - 64GB (T-mobile)  A Excellent,False,0,Excellent - Refurbished,40999,
Apple iPhone 11 (PRODUCT)RED - 64GB (T-mobile Sprint)  B Good,False,0,Good - Refurbished,38499,
Apple iPhone 12 mini (PRODUCT)RED - 256GB (Unlocked) - VERY GOOD,False,0,Very Good - Refurbished,59999,0
Apple iPhone 12 (PRODUCT)RED - 64GB (Unlocked) - Excellent ,False,0,Excellent - Refurbished,67499,
"Apple iPhone 11 GSM+CDMA Factory Unlocked Verizon T-Mobile AT&T -""Excellent""",False,0,Excellent - Refurbished,44988,
New ListingApple iPhone XR (PRODUCT)RED - 128GB - (Unlocked) A1984 (CDMA   GSM),False,,Pre-Owned,33000,0
Lot of (2) Apple iPhone 7 Plus Product Red Verizon 256GB MPR92LL/A iOS 15 !READ!,True,,Pre-Owned,18850,0
Apple iPhone 12 Mini 64GB (Product) Red Verizon MG6J3LL/A Smartphone,True,,Open Box,51900,
Apple iPhone 12 mini (PRODUCT)RED - 64GB (AT&T) Great Condition,False,,Pre-Owned,60000,0
Apple iPhone 11 64GB (Product)Red AT&T ONLY MWHV2LL/A GRADE C No SIM CB701Au19,True,,Pre-Owned,28318,0
New Apple iPhone 12 (PRODUCT)RED - 128GB (Factory Unlocked),True,,Brand New,77999,0
"Apple Genuine iPhone 12 Pro Max 6.7"" Silicone Case with Magsafe In Retail",True,,Open Box,2399,
Apple iPhone 11 - 64GB - PRODUCT RED (Unlocked) (CDMA + GSM) - Excellent,True,0,Excellent - Refurbished,45999,
Apple iPhone 11 Pro Max Silicone Case - (PRODUCT)RED,True,,Brand New,1599,
Authentic Genuine Original Apple Pencil Natural Leather Case Protective Cover US,False,,Brand New,999,
Apple iPhone XR (PRODUCT)RED - 64GB - (Unlocked) A1984 (CDMA + GSM),True,0,Pre-Owned,31999,0
Apple Genuine Leather Protective Cover Case for iPhone XS Max (PRODUCT) RED,False,,Brand New,2195,
New ListingApple iPhone 13 (PRODUCT)RED - 128GB - (Verizon),False,,Brand New,79999,530
Apple iPhone 8 (PRODUCT)RED - 256GB - (Unlocked) A1863 (CDMA + GSM),False,,Pre-Owned,18000,2000
Apple iPhone 11 64GB (Product)Red AT&T ONLY MWHV2LL/A GRADE C No SIM CB701,True,0,Pre-Owned,34998,0
Apple iPhone 12 (PRODUCT)RED - 64GB (Unlocked) - Average Condition ,True,,Pre-Owned,52995,
New ListingApple iPhone 11 (PRODUCT)RED - 64GB (AT&T) A2111 (CDMA + GSM),False,,Open Box,40000,0
New ListingApple iPhone XR (PRODUCT)RED - 64GB - (T-Mobile) A1984 (CDMA + GSM),False,,Open Box,22200,1065
New ListingApple iPhone 8 Plus (PRODUCT)RED - 64GB - (Unlocked) A1864 (CDMA + GSM),False,,Pre-Owned,15000,850
Apple Silicone Case with MagSafe for iPhone 12 Pro/12 - colors,True,,Open Box,1699,
Apple iPhone 11 (PRODUCT) RED - 64GB (Unlocked) A2111 Read Description,True,,Pre-Owned,39900,
"Apple iPhone Box Empty Original iPhone 12 Pro Max, 12 Pro, 12 Mini, 12 Used ",False,,Pre-Owned,649,0
Apple iPhone 12 mini - 64GB - Product Red (Unlocked) - New Inbox,True,0,Brand New,57499,
New ListingApple iPhone SE 2nd Gen. (PRODUCT)RED - 64GB (Unlocked) A2275 (CDMA + GSM),False,,Pre-Owned,30000,530
Apple iPhone 12 (PRODUCT)RED - 64GB (Verizon).  NO BOX but New Conditon,False,,Open Box,50000,540
Apple iPhone 11 (PRODUCT)RED - 128GB (Unlocked) MWJN2LL/A,False,,Pre-Owned,40000,415
GENUINE Apple Leather Folio For iPhone XS Max (6.5‚Äù)MRX32ZM/A (PRODUCT)RED NEW!,False,,Brand New,1799,
New ListingApple iPhone 11 128GB Product Red Unlocked - Excellent,False,,Pre-Owned,2500,625
Apple iPhone 8 (PRODUCT)RED - 256GB - (Unlocked) A1863 (CDMA + GSM),False,,Pre-Owned,20000,1065
Apple iPhone 12 (PRODUCT)RED - 256GB (Unlocked) A2172,False,,Pre-Owned,59000,1065
üî• NEW! SEALED! Apple iPhone 13 mini (PRODUCT)RED - 256gb (Unlocked) *IN HAND*,True,,Brand New,86499,
Apple iPhone 12 (PRODUCT) RED color  128GB unlocked,True,0,Open Box,71999,0
Authentic Genuine Original Apple Pencil Natural Leather Case Cover SEALED US,False,,Brand New,999,
Apple iPhone 11 (PRODUCT) RED 64GB MH913LL/A T-Mobile / Metro PCS / Sprint ONLY ,False,,Pre-Owned,34900,1295
Apple iPhone 11 (PRODUCT) RED - 64GB A2111 Read Description (Locked),False,,Pre-Owned,6300,0
Apple iPhone 11 A2111 MWKW2LL/A (PRODUCT) RED 128GB (Verizon) (CDMA + GSM)(0146),False,,Pre-Owned,40200,742
Apple iPhone XR (PRODUCT)RED - 128GB - (Unlocked) A1984 (CDMA + GSM),False,,Pre-Owned,25249,925
Apple iPhone 11 GSM+CDMA Factory Unlocked Verizon T-Mobile AT&T,True,234,Open Box,44988,
Apple iPhone XR (PRODUCT)RED - 128GB - (Unlocked) A1984 (CDMA + GSM),False,,Pre-Owned,20250,1065
New Listingapple iphone xr product red - 64gb - unlocked,False,,Pre-Owned,14000,1595
Apple iPhone XR (PRODUCT)RED - 64GB - (T-Mobile) - A1984 - *FUNCTIONAL*,True,,Pre-Owned,27499,
Apple iPhone 8 (PRODUCT)RED - 256GB - (Verizon) A1863 (CDMA + GSM),False,,Pre-Owned,11300,1065
Apple iPhone 8 Plus (PRODUCT)RED - 64GB - (Unlocked) A1864 (CDMA + GSM),False,,Pre-Owned,26500,985
New ListingApple iPhone 8 (PRODUCT)RED - 64GB - (Unlocked) A1863 (CDMA + GSM),False,,Pre-Owned,2050,845
Apple iPhone XR (PRODUCT)RED - 128GB - (Unlocked) A1984 (CDMA + GSM),False,,Brand New,60000,985
Apple iPhone 11 (PRODUCT)RED - 64GB Unlocked,False,,Pre-Owned,33000,1065
Apple iPhone 12 mini A2176 128GB (PRODUCT) Red! Unlocked. New from Apple,False,,Brand New,57000,0
Apple iPhone 11 (PRODUCT)RED - 64GB (T-Mobile) A2111 (CDMA + GSM),False,,Pre-Owned,36000,1065
Apple iPhone 13 mini (PRODUCT)RED - 128GB - (T-Mobile),False,,Open Box,48000,0
Apple iPhone 8 (PRODUCT)RED - 64GB - (Unlocked) A1863 (CDMA + GSM) Works - Read,True,,Pre-Owned,11696,500
Apple iPhone 12 (PRODUCT)RED - 128GB (Unlocked),False,,Open Box,42500,530
Apple MX9M2LL/A iPhone SE (2nd generation) - (PRODUCT) RED,True,,Pre-Owned,17595,0
READ INFO IC L0cked! Apple iPhone 7 Plus 128GB Product Red A1661,True,,Parts Only,6999,0
Apple iPhone 13 (Product)RED 128GB Unlocked for Any Carrier Excellent Condition,False,,Pre-Owned,76999,0
Apple iPhone 11 (PRODUCT) RED 128GB (Xfinity) A2111 Smartphone LCD White Dot,True,0,Pre-Owned,37995,0
Apple iPhone 11 (PRODUCT)RED - 128GB (Unlocked) A2111 (CDMA + GSM),False,,Pre-Owned,22250,1625
Apple iPhone 12 (PRODUCT)RED - 256GB (Unlocked) *WORLD PHONE* Flawless! Warranty,True,0,Open Box,75500,
 Apple iPhone 11 (PRODUCT)RED 64GB Unlocked (CDMA + GSM) LCD Blue Mark. Grade B+,False,0,Pre-Owned,34999,
New ListingGameStop Apple iPhone SE 2nd Gen. (PRODUCT)RED - 64GB (Unlocked) (CDMA + GS,False,,Open Box,22500,540
,False,,,,
For iPhone 12 12 Pro 12 Pro Max 12 Mini | Spigen¬Æ [tR Optik] Camera Cover,True,0,Brand New,1299,
Apple iPhone XR 64GB Product Red Unlocked CDMA + GSM - Minor Issue - GOOD,True,0,Refurbished,26999,
Apple iPhone 12 (PRODUCT)RED - 64GB (GSM + CDMA) Minor Issue - Grade B+,True,0,Pre-Owned,54999,0
Apple OEM Authentic Original Silicone Case for iPhone 12 Pro Max - (Product) RED,False,,Open Box,2160,0
"Apple iPhone 11 (PRODUCT)RED (SEVERE EXTERIOR DAMAGE, READ)",False,,Parts Only,13900,599
Apple iPhone 11 (PRODUCT)RED - 64GB (T-mobile Metropcs)  A Excellent,True,0,Excellent - Refurbished,40999,
Apple iPhone SE 2nd Gen. (PRODUCT)RED - 64GB (AT&T) A2275 (CDMA + GSM),False,,Open Box,27500,1625
Apple iPhone 11 (PRODUCT)RED - 64GB (Unlocked),False,,Brand New,45000,955
Apple iPhone 7 (PRODUCT)RED - 128GB - (Unlocked) A1660,False,0,Pre-Owned,11999,0
Apple iPhone XR (PRODUCT)RED - 128GB - (Unlocked) A1984 (CDMA + GSM),False,,Pre-Owned,35000,985
Apple iPhone 8 (PRODUCT)RED - 64GB - (Unlocked) A1905 (GSM),False,,Pre-Owned,9600,1000
Apple iPhone 12(PRODUCT)RED 64GB (UNLOCKED)Clean IMEI PLEASE READ DESCRIPTION,False,,Pre-Owned,39999,955
[NEW/Sealed] Apple iPhone XR Clear Phone Case Apple OEM Apple Product,False,,Brand New,1099,
Apple iPhone XR (PRODUCT) RED - 64GB - (Unlocked) A1984 (CDMA + GSM),True,0,Open Box,33799,
Apple iPhone XR (PRODUCT)RED - 128GB - (Unlocked) A1984 (CDMA + GSM),False,0,Brand New,40000,985
Apple iPhone 7 (PRODUCT)RED - 128GB - (AT&T) A1778 (GSM) NEEDS NEW CHARGE PORT,False,,Pre-Owned,8800,1595
Apple iPhone 11 Pro Silicone Case Blue Horizon Original OEM Apple Product - NEW!,False,,Brand New,1179,0
Apple iPhone 11 (PRODUCT)LIGHT BLUE - 64GB (T-Mobile) A2111 (CDMA + GSM),False,0,Pre-Owned,35000,925
Apple iPhone 13 (PRODUCT)RED - 128GB - (AT&T) - Excellent Condition ,True,,Pre-Owned,75000,
Apple iPhone 8 - 64GB Verizon (PRODUCT) RED,True,,Pre-Owned,3400,799
Apple iPhone SE 2nd Gen. (PRODUCT)RED - 64GB (Unlocked) A2275 (CDMA + GSM),False,,Pre-Owned,13250,0
New ListingApple iPhone XR (PRODUCT)RED 128GB T-Mobile Brand New Screen And Battery.,False,,Pre-Owned,34000,1595
Apple iPhone 7 Plus (PRODUCT)RED - 256GB - (Unlocked) A1661,False,,Pre-Owned,15000,1595
Apple iPhone SE (2nd Gen) - 64GB Verizon (PRODUCT) RED,True,,Pre-Owned,2350,799
Apple AirTag Leather Key Ring - Red (PRODUCT RED),True,,Refurbished,1499,
Apple iPhone XR (PRODUCT)RED - 64GB - (Unlocked) A1984 (CDMA + GSM),False,,Pre-Owned,19200,700
"Apple iPhone 13 Mini 5.4"" - 128GB - 256GB - 512GB Unlocked Sealed Ready To Ship",False,0,Brand New,102900,0
GENUINE Apple Leather Folio For iPhone XS Max (6.5‚Äù)MRX32ZM/A (PRODUCT) USED,False,,Pre-Owned,1025,0
Apple iPhone 8 - 64GB (PRODUCT)RED (Unlocked) AT&T T-Mobile Verizon Sprint A1863,False,0,Brand New,28900,650
New ListingApple iPhone XR (PRODUCT)RED - 64GB - (Unlocked) EXCELLENT CONDITION! üöõüí®,False,,Pre-Owned,29900,1500
Apple iPhone XR (PRODUCT)RED - 64GB - (Sprint) A1984 (CDMA + GSM),False,,Parts Only,4800,0
New ListingApple iPhone 11 (PRODUCT)RED Bundle- 64GB (Unlocked) A2111 (CDMA + GSM),False,,Pre-Owned,50000,0
Apple iPhone 13 mini (PRODUCT)RED - 128GB - (Unlocked),True,,Brand New,79999,0
Apple iPhone 8 Product Red A1863 (RED) 256GB Verizon,True,,Pre-Owned,20000,1506
Apple iPhone 8 - 64GB - PRODUCT RED A1863 GSM & CDMA UNLOCKED 4G LTE ~MRF~ FAIR!,True,0,Pre-Owned,17499,
Apple iPhone XR (PRODUCT)RED - 128GB - (Unlocked) A1984 (CDMA + GSM),True,0,Open Box,38999,
iPhone 11 Pro Leather Case - Used - Genuine Apple Product,False,,Pre-Owned,99,415
Apple iPhone XR (PRODUCT)RED - 64GB - (Unlocked) A1984 (CDMA + GSM),False,,Pre-Owned,24750,1000
Apple iPhone 8 Plus (PRODUCT) RED - 64GB - Fully Unlocked Smartphone - A1864,True,0,Open Box,28999,
Woven Nylon Sport Loop Band for Apple Watch Series 6/5/4/3/2/1/SE 38/42/40/44mm,False,,Brand New,475,0
"Apple Computer 'Product Guide, Spring 1999'",False,,,3995,0
Genuine Apple iPhone XS Max Silicone Case / Cover (PRODUCT) RED - MRWH2ZM/A New,True,,Brand New,1500,
Apple iPhone 8 Plus (PRODUCT)RED - 64GB - (T-Mobile) A1897 (GSM),False,,Open Box,20250,955
Apple iPhone 12 BUNDLE (PRODUCT)RED - 256GB (Unlocked),False,,Pre-Owned,69900,880
Apple iPhone 7 - 128GB (PRODUCT)RED (Unlocked) AT&T TMobile Verizon Sprint A1660,False,0,Brand New,27999,0
Apple iPhone SE 2nd Gen. (PRODUCT)RED - 64GB (Sprint) A2275 (CDMA + GSM),False,,Brand New,5100,999
Apple iPhone 11 (PRODUCT)RED - 64GB (Unlocked) n65,False,,Parts Only,32000,0
Apple iPhone 11 - 64GB -  Unlocked (PRODUCT)RED A2111 Clean ESN Smartphone ,False,0,Pre-Owned,41995,0
Apple iPhone 11 64GB (Product)Red AT&T ONLY MWHV2LL/A GRADE C No SIM CB701Au20,True,,Pre-Owned,20550,0
Apple iPhone SE (2nd Gen) - 64GB Verizon (PRODUCT) RED,True,,Pre-Owned,2250,799
Apple iPhone XR (PRODUCT)RED - 128GB 12.4 Jailbroken,False,0,Pre-Owned,53500,0
New ListingApple iPhone 11 (PRODUCT)RED - 128GB (Unlocked).¬†,False,,Pre-Owned,25000,400
"Apple iPhone XR 256GB|128GB|64GB| GSM/ CDMA Factroy Unlocked- ""Excellent""",True,0,Excellent - Refurbished,33988,
Apple iPhone XR (PRODUCT) RED 64GB Sprint A1984 - LCD Damage - Read Description,True,,Parts Only,17499,
Apple iPhone 12 (PRODUCT)RED - 64GB Cricket Wireless,False,,Brand New,58900,520
New ListingApple iPhone 13 (PRODUCT)RED - 128GB - (Verizon),False,,Brand New,95000,550
New ListingApple iPhone 11 (PRODUCT)RED - 128GB (Sprint) A2111 (CDMA + GSM),False,,Pre-Owned,50000,0
Apple iPhone SE 2nd Gen. (PRODUCT)RED - 64GB - (T-Mobile) - A2275 - WORKS GREAT,True,,Pre-Owned,32499,
Genuine Apple Watch Sport Band (Product)  Red  42mm / 44mm MLDJ2ZM/A,True,,Brand New,3995,
Apple iPhone XR (PRODUCT)RED - 64GB - (Unlocked) A1984 (CDMA + GSM),False,,Pre-Owned,16650,600
New ListingApple iPhone XR (PRODUCT)RED - 64GB - (Unlocked) A1984 (CDMA + GSM),False,,Pre-Owned,35000,0
Apple iPhone 11 (PRODUCT)RED - 64GB (T-Mobile) Perfect Screen!,False,,Pre-Owned,37500,0
Apple Original Authentic OEM Silicone Case MagSafe iPhone 12 Mini Product RED,False,29,Brand New,2160,0
Apple iPhone XR - 64GB - (PRODUCT)RED - GSM Unlocked - Smartphone ,True,,Pre-Owned,30499,0
,False,,,,
Apple iPhone 8 - 64GB - PRODUCT RED A1905 GSM UNLOCKED ~MRF~ VERY GOOD!,True,208,Pre-Owned,17299,
Apple iPhone 11 (PRODUCT)RED - 64GB (T-mobile)  A Excellent,True,0,Excellent - Refurbished,40999,
Apple iPhone 8 Plus (PRODUCT)RED - FOR PARTS,False,,Parts Only,8700,550
Apple iPhone XR 64GB Product Red EMPTY BOX ONLY A1984 MT492LL/A,False,,Pre-Owned,830,
Apple iPhone 11 (PRODUCT)RED - 64GB (T-Mobile) Perfect Screen!,False,,Pre-Owned,37500,0
Apple iPhone 13 mini (PRODUCT)RED - 128GB - (Unlocked),False,,Brand New,95000,
Apple iPhone XS Max - 64GB - RARE (Product red),False,,Pre-Owned,22500,0
Apple iPod touch (32GB) - PRODUCT(RED) -NOT WORKING-,True,,Parts Only,325,1101
Apple iPhone 11 (PRODUCT)RED - 64GB (Unlocked) A2111 (CDMA + GSM),False,,Pre-Owned,40000,1065
(STILL IN BOX) Unopened! Apple iPhone 12 mini (PRODUCT)RED - 128GB (Unlocked),False,,Brand New,69500,510
Apple iPhone SE 2nd Gen. 128GGB (PRODUCT)RED (Unlocked) With Clear Case,True,,Pre-Owned,26600,1270
Apple iPhone 8 (PRODUCT)RED (A1863) 64GB - (Unlocked) Smartphone - Broken,True,0,Parts Only,9995,0
Apple iPhone 8 Plus (PRODUCT)RED - *AS-IS/FOR PARTS OR REPAIR* - BOOTLOOP!,False,,Parts Only,14999,0
"Authentic OEM Leather Case for the Apple iPhone XS Max 6.5"" New",False,,Brand New,448,699
 Apple iPhone 12 (PRODUCT)RED - 64GB (Unlocked) Smartphone - NEW,False,,Brand New,75999,
UNLOCKED Red Boost Mobile Apple iPhone 11 64GB Product Red Model A2111 Cracked,False,,Parts Only,35000,1500
New ListingApple iPhone 11 (PRODUCT)RED - 64GB (AT&T) A2111 (CDMA + GSM) ESN IS BAD,True,,Parts Only,34494,0
Apple iPhone 11 (PRODUCT)RED - 128GB (T-Mobile) A2111 (CDMA + GSM),False,,Pre-Owned,42500,1595
Apple iPhone XR 64GB T-Mobile Product Red,False,,Pre-Owned,32500,0
New ListingApple iPhone 11 (PRODUCT)RED - 128GB (AT&T) A2111 (CDMA + GSM),False,,Pre-Owned,40000,910
New ListingApple iPhone XR (PRODUCT)RED - 256GB - (AT&T) A1984 (CDMA + GSM) - *AS IS*,False,,Parts Only,29999,0
Apple iPhone 11 (PRODUCT)RED - 64GB (T-Mobile) A2111 (CDMA + GSM),False,,Pre-Owned,40000,1065
Apple iPhone XR - Product Red - A1984 - For Parts Only,False,,Parts Only,8035,2008
Apple iPhone 11 (PRODUCT)RED - 64GB (Unlocked) A2111 Cracked Front Back READ,True,,Parts Only,26995,0
Apple iPhone XR (PRODUCT)RED - 128GB - (Unlocked) A1984 (CDMA + GSM),True,,Parts Only,22250,0
NEW open Box Apple iPhone 11 (PRODUCT)RED - 128GB (Unlocked) GRADE A (BEST),False,,Open Box,72500,2500
New ListingApple iPhone 8 Plus 64GB Product Red Mint Unlocked Used,False,,Pre-Owned,30000,0
Apple iPhone 8 Plus (PRODUCT) - 64GB - Sprint - Black,False,,Pre-Owned,35000,1065
Apple AirTag Leather Loop - (PRODUCT)RED,False,,Brand New,1500,0
"Apple iPhone 11 (PRODUCT)RED - 64GB (T-Mobile) Cracked,Bad LCD Clean ESN",True,,Parts Only,21499,
Apple iPhone SE 2nd Gen. (PRODUCT)RED - 64GB (Verizon) A2275 (CDMA + GSM),False,,Open Box,25000,520
New ListingApple iPhone 13 (PRODUCT)RED - 128GB - (T-Mobile) - Financed,False,,Brand New,80000,1270
Apple Silicone Case for iPhone 11 Pro Max - (PRODUCT)RED,False,,Brand New,1800,
"Apple iPhone Box Empty Original iPhone 11 Pro Max, 11 Slim, XS, XS Max, XR, SE",False,,Pre-Owned,649,0
Original Apple Mac Product Brand Tee Shirt Rare w Store Names Adult Size Medium,False,,Pre-Owned,800,550
Apple iPhone 11 64GB 128GB 256GB AT&T Sprint T-Mobile Unlocked Verizon Good,True,0,Pre-Owned,39999,0
New ListingApple iPhone 11 (PRODUCT)RED - 64GB - T-Mobile,False,,Pre-Owned,60000,1500
Apple iPhone 11 (PRODUCT)RED - 64GB Smartphone AS IS,True,,Parts Only,10000,500
2017 OEM Apple iPhone X Product Red Leather Case w/Box C1,False,,Open Box,2999,0
"Apple iPhone 11 (PRODUCT)RED - 64GB (Unlocked) A2111. Cracked Screen,Phone Works",False,,Parts Only,40000,0
Apple iPhone 11 64GB (Product)Red AT&T 87% Battery Capacity! + Free Items,False,,Pre-Owned,37500,0
Apple iPhone XR (PRODUCT)RED - 64GB - (Unlocked) A1984 (CDMA + GSM),True,,Parts Only,20150,0
 Apple iPhone 12 (PRODUCT)RED - 64GB (T-Mobile) Smartphone AS IS,True,,Parts Only,25600,500
New ListingApple iPhone 12 mini (PRODUCT)RED - 64GB (AT&T),False,,Pre-Owned,44200,540
New Genuine Apple Watch Solo Loop Band Strap For Apple Watch 40/44mm Official,False,0,Brand New,3321,2094
Apple iPhone 11 (PRODUCT)RED - 64GB (Unlocked) A2111 (CDMA + GSM),False,,Open Box,42500,1065
Apple iPhone 12 (PRODUCT)RED - 128GB (T-Mobile),False,,Open Box,73400,880
Apple iPhone 11 (PRODUCT)RED - 64GB (T-mobile Sprint )  A Excellent,True,0,Excellent - Refurbished,40999,
Apple Leather Case for iPhone 11 Pro Max - (PRODUCT)RED,False,,Brand New,2990,
Apple iPhone 12 (PRODUCT)RED - 64GB (Unlocked) Excellent Condition,False,,Pre-Owned,59900,550
Apple iPhone XR (PRODUCT)RED - 64GB - (Unlocked) A1984 (CDMA + GSM),False,,Pre-Owned,14000,890
Apple iPhone SE 2nd Gen. (PRODUCT)RED - 128GB (Unlocked) A2275 (CDMA + GSM),False,,Pre-Owned,28500,540
Apple iPhone 12 (PRODUCT)RED - 64GB (Sprint),False,,Pre-Owned,44400,1065
Apple iPhone 12 mini (PRODUCT)RED - 64GB (AT&T) IMEI Issues - Excellent Cond.,True,,Pre-Owned,40000,0
Apple iPhone 8 (PRODUCT)RED - 64GB - (Unlocked) A1863 (CDMA + GSM),True,,Parts Only,7100,0
Apple iPhone SE (2nd Gen.) 64GB PRODUCT Red Unlocked Fair Condition,True,0,Pre-Owned,19999,0
Product Info Booklet for Apple Mac Pro 2014 w/ Stickers & Microfiber Cloth,False,,Open Box,749,
Apple iPhone SE 2nd Gen. (PRODUCT)RED - 128GB (Unlocked) A2275 #L944,True,,Pre-Owned,27400,0
Apple iPhone SE 2nd Gen. (PRODUCT)RED - 128GB (Unlocked) A2275 (CDMA + GSM) (CA),True,,Pre-Owned,26999,
Apple iPhone 11 - 64GB - Product  Red (Boost Mobile) For Parts,False,,Parts Only,5000,920
Mophie Juice Pack Air for Apple iPhone 7+/8 Plus - Product(RED) ,False,,Brand New,6475,0
Apple iPhone 13 mini 128GB - Product (RED) (T-Mobile USA Only) NEW SEALED in Box,False,0,Brand New,74999,0
iphone 12 64gb *product Red* READ DESCRIPTION,False,0,Pre-Owned,42000,550
,False,,,,
iphone 12 64gb *product Red* READ DESCRIPTION,False,0,Pre-Owned,42000,550
Mophie Juice Pack Air for Apple iPhone 7+/8 Plus - Product(RED) ,False,,Brand New,6475,0
New ListingApple iPhone 11 (PRODUCT)RED - 64GB - (T-Mobile) - A2111 - 6F - FOR PARTS,True,,Parts Only,28499,
Apple iPhone 12 (5G) 64GB Factroy Unlocked GSM+CDMA Global Ready ,True,0,Open Box,64488,
Apple iPhone 11 (PRODUCT)RED - 128GB (Unlocked) A2111 (CDMA + GSM),False,,Open Box,85000,100
Unlocked Apple iPhone 11 | 64GB Storage | Product Red + Original Box,False,,Pre-Owned,32500,1795
New ListingApple iPhone 12 mini (PRODUCT)RED - 128GB (Unlocked),False,,Pre-Owned,60000,550
Apple iPhone 12 Mini Silicone Case (Product) RED,False,,Pre-Owned,1399,795
"Apple Watch 44mm Sport band SMOKE FREE (PRODUCT) Red, used. MU9N2AM/A",False,,Pre-Owned,2199,0
iPhone 11 64gb Unlocked Product RED,False,,Pre-Owned,23950,1455
GENUINE Apple Leather Case FOR iPhone 11 PRO 5.8‚Äù (Product Red) MWYF2ZM/A USED!,False,,Pre-Owned,1451,0
Apple iPhone XR Factory Unlocked 64gb product red,False,,Brand New,30000,0
Apple iPhone 13 (PRODUCT)RED - 128GB - (AT&T) - Smartphone ,True,,Pre-Owned,75000,
Apple iPhone 12 mini (PRODUCT)RED - 256GB (Unlocked) W/ Accessories!,False,,Pre-Owned,68000,0
New ListingUnlocked Apple iPhone 7 Plus 128GB Product Red A1661 MPR02LL/A,True,,Pre-Owned,21499,0
Apple iPhone 12 mini (PRODUCT)RED - 256GB (Unlocked) - VERY GOOD,True,0,Very Good - Refurbished,59999,0
New ListingApple iPod nano 2nd Generation Red Product 8GB New Battery. New LCD,True,,Refurbished,4995,0
Genuine Apple iPhone 7 Plus & 8 Plus Leather Case - (PRODUCT) RED - New,False,,Brand New,3426,0
Apple iPhone 11 (PRODUCT)RED - 64GB (T-mobile Sprint)  B Good,True,0,Good - Refurbished,38499,
Apple iPhone 11 64GB (Product)Red AT&T ONLY MWHV2LL/A GRADE C No SIM CB701Au10,True,,Pre-Owned,20300,0
"Apple iPhone XR 256GB|128GB|64GB| GSM/ CDMA Factroy Unlocked- ""Very Good""",True,0,Very Good - Refurbished,30988,
Apple - AirTag Leather Key Ring - (PRODUCT) RED - VG - No Box,True,,Pre-Owned,2399,0
OEM Braided Solo Loop Apple Watch Band 45mm Authentic Product RED Two Tone Rare,False,,Brand New,7995,0
New ListingApple iPhone XR (PRODUCT)RED - 128GB - (Unlocked) A1984 (CDMA + GSM),False,,Parts Only,19500,985
New ListingApple iPhone XR 64GB - Product Red - Fully Unlocked,False,,Pre-Owned,37500,2115
Apple iPhone 8 (PRODUCT)RED - 64GB - (AT&T) A1905 (GSM),False,,Pre-Owned,19000,700
PRELOVED NEEDS TLC! Apple iPhone 8 (PRODUCT)RED 256GB Sprint!,False,,Pre-Owned,13500,590
Apple iPhone 11 (PRODUCT)RED - 64GB (Unlocked) Has Display Message - Excellent,True,0,Pre-Owned,39999,
Genuine / Official Apple iPhone XS Leather Case - (PRODUCT) RED - New,False,,Brand New,3381,0
Apple iPhone 13 (PRODUCT)RED - 128GB - (T-Mobile),False,,Brand New,79999,1999
Apple iPhone 8 Plus (PRODUCT)RED - 64GB - (AT&T) A1897 (GSM),True,,Parts Only,6700,0
Apple iPhone 8 Plus (PRODUCT)RED - 64GB - (AT&T) A1897 (GSM) - *FOR PARTS*,True,,Parts Only,7499,
Apple iPhone 12 mini (PRODUCT)RED - 64GB (T-Mobile),False,0,Brand New,50000,1095
GENUINE Apple Leather Folio For iPhone XS Max (6.5‚Äù)MRX32ZM/A (PRODUCT) USED!,False,,Pre-Owned,1091,0
New ListingApple iPhone 12 Pro Max - 128GB - Gold (Factory Unlocked) + PRODUCT(RED) Case,False,,Pre-Owned,97800,0
New ListingApple iPhone 11 (PRODUCT)RED - 64GB (Rogers Wireless) A2160 (CDMA + GSM) (CA),False,,Parts Only,7554,1669
Apple iPhone 7 Plus Red Product Used Still Works Crack Screen And Camera,False,,Pre-Owned,9499,510
New ListingApple iPhone XR - 64GB - (PRODUCT)RED (Verizon) A1984 (CDMA + GSM),False,,Open Box,37000,920
Apple iPhone XR 64gb Unlocked Product Red Used,False,0,Pre-Owned,31000,1595
Apple iPhone XR (PRODUCT)RED - 64GB - (Unlocked) A1984 (CDMA + GSM),True,,Parts Only,2250,0
Apple iPhone 12 mini (PRODUCT)RED - 64GB (T-Mobile) +512GB iOS Drive.,False,0,Pre-Owned,48500,0
Apple iPhone 12 64GB PRODUCT Red AT&T - NEW & SEALED,True,,Brand New,68299,0
Apple iPhone XR (PRODUCT)RED - For Parts,False,0,Parts Only,8500,0
Apple iPhone 12 (PRODUCT)RED - 64GB (AT&T),False,,Pre-Owned,40000,530
Apple iPhone XR (PRODUCT)RED - 64GB - (Unlocked) A1984 (CDMA + GSM),False,0,Brand New,40000,1500
New Sealed Genuine Apple Watch Sport Band OEM 45mm/44mm - Product Red,False,,Brand New,3999,0
"Apple iPhone 8 Plus (PRODUCT)RED A1864 AS IS ""iPhone Disabled Connect to iTunes""",False,,Parts Only,1250,595
Apple iPhone 11 (PRODUCT)RED - 128GB (Unlocked) A2111 (CDMA + GSM),False,,Pre-Owned,45500,
Apple iPhone 12 64GB 128GB 256GB AT&T Sprint T-Mobile Unlocked Verizon Very Good,True,,Pre-Owned,58499,0
Apple iPhone SE 2nd Gen. (PRODUCT)RED - 64GB (Boost Mobile) A2275 (CDMA + GSM),False,,Pre-Owned,15300,530
Apple iPhone 12 (PRODUCT)RED - 64GB (T-Mobile),False,,Open Box,59897,550
Apple iPhone SE ¬†(PRODUCT)RED - 64GB serial no F17D19EQPLJP,False,,Open Box,35000,530
Apple iPhone SE 2nd Gen. (PRODUCT)RED GRADE B *READ DESCRIPTION*,False,,Pre-Owned,17500,0
Apple iPhone SE 2nd Gen. (PRODUCT)RED - 256GB (UNLOCKED) A2275 (CDMA + GSM),False,,Pre-Owned,40000,2000
New ListingApple iPhone XR (PRODUCT)RED - 64GB - (AT&T) A1984 (CDMA + GSM) - 6F - FOR PARTS,True,,Parts Only,16999,
New ListingApple iPhone XR (PRODUCT)RED - 64GB - (T-Mobile) - A1984 - 6F - FOR PARTS,True,,Parts Only,14999,
Apple - iPhone 11 Pro Leather Case PRODUCT RED MWYF2ZM/A,True,,Open Box,1700,
Apple iPhone 8 Plus 64GB 128GB 256GB AT&T Sprint T-Mobile Unlocked Verizon Good,True,,Pre-Owned,22499,0
Genuine Apple 44/45mm Sport Band¬†(PRODUCT)RED ¬†- Regular¬†,False,,New (Other),2900,1380
Sport Band for Apple Watch‚Ñ¢ 44mm - S/M & M/L (PRODUCT) RED Original (MU9N2AM/A)‚Ñ¢,True,,Brand New,2654,
Apple iPhone XR (PRODUCT)RED - 64GB - (T-Mobile) (GSM). Has Cam Spot. Preowned,True,,Pre-Owned,24999,
